{
  "utils/CalcoloPasqua.js.map": 1729265305842,
  "controller/Homepage.controller.js": 1729262513306,
  "utils/pdfmake.min.js": 1729026180088,
  "utils/axios.min.js": 1729026179152,
  "utils/CalcoloPasqua.js": 1729026179152,
  "model/models.js": 1729025953764,
  "utils/vfs_fonts.js": 1729026179500,
  "controller/App.controller.js": 1729026011415,
  "manifest.json": 1729265305502,
  "Component.js": 1729025865437,
  "utils/CalcoloPasqua-dbg.js": 1729026179152,
  "i18n/i18n.properties": 1729026011415,
  "utils/pdfmake.min-dbg.js": 1729026180088,
  "utils/pdfmake.min.js.map": 1729265309372,
  "utils/axios.min-dbg.js": 1729026179152,
  "utils/axios.min.js.map": 1729265306432,
  "controller/Homepage-dbg.controller.js": 1729262513306,
  "controller/Homepage.controller.js.map": 1729265306055,
  "model/models-dbg.js": 1729025953764,
  "model/models.js.map": 1729265305806,
  "utils/vfs_fonts-dbg.js": 1729026179500,
  "utils/vfs_fonts.js.map": 1729265306155,
  "controller/App-dbg.controller.js": 1729026011415,
  "controller/App.controller.js.map": 1729265305810,
  "Component-dbg.js": 1729025865437,
  "Component.js.map": 1729265305821,
  "Component-preload.js": 1729265310497,
  "Component-preload.js.map": 1729265310523,
  "view/Homepage.view.xml": 1729260026157,
  "view/App.view.xml": 1729026011415,
  "css/style.css": 1729025953764,
  "index.html": 1729025865437
}