{
  "controller/Homepage-dbg.controller.js": 1729255097626,
  "utils/axios.min.js": 1729026179152,
  "utils/pdfmake.min.js": 1729026180088,
  "utils/vfs_fonts.js": 1729026179500,
  "utils/CalcoloPasqua.js": 1729026179152,
  "model/models.js": 1729025953764,
  "controller/Homepage.controller.js": 1729255097626,
  "controller/App.controller.js": 1729026011415,
  "manifest.json": 1729260150827,
  "Component.js": 1729025865437,
  "utils/vfs_fonts-dbg.js": 1729026179500,
  "utils/vfs_fonts.js.map": 1729260151469,
  "utils/pdfmake.min-dbg.js": 1729026180088,
  "utils/pdfmake.min.js.map": 1729260154585,
  "utils/axios.min-dbg.js": 1729026179152,
  "utils/axios.min.js.map": 1729260151900,
  "utils/CalcoloPasqua-dbg.js": 1729026179152,
  "utils/CalcoloPasqua.js.map": 1729260151082,
  "model/models-dbg.js": 1729025953764,
  "model/models.js.map": 1729260151062,
  "i18n/i18n.properties": 1729026011415,
  "controller/Homepage.controller.js.map": 1729260151370,
  "controller/App-dbg.controller.js": 1729026011415,
  "controller/App.controller.js.map": 1729260151068,
  "Component-dbg.js": 1729025865437,
  "Component.js.map": 1729260151076,
  "Component-preload.js": 1729260155469,
  "Component-preload.js.map": 1729260155477,
  "view/Homepage.view.xml": 1729260026157,
  "view/App.view.xml": 1729026011415,
  "css/style.css": 1729025953764,
  "index.html": 1729025865437
}