{
  "Component-preload.js": 1729698079456,
  "controller/App.controller.js": 1729026011415,
  "utils/pdfmake.min.js": 1729026180088,
  "utils/axios.min.js": 1729026179152,
  "utils/CalcoloPasqua.js": 1729026179152,
  "model/models.js": 1729025953764,
  "controller/Homepage.controller.js": 1729691607823,
  "utils/vfs_fonts.js": 1729026179500,
  "manifest.json": 1729698074408,
  "Component.js": 1729025865437,
  "utils/CalcoloPasqua-dbg.js": 1729026179152,
  "utils/CalcoloPasqua.js.map": 1729698075413,
  "utils/pdfmake.min-dbg.js": 1729026180088,
  "utils/pdfmake.min.js.map": 1729698078519,
  "utils/axios.min-dbg.js": 1729026179152,
  "utils/axios.min.js.map": 1729698076206,
  "controller/App-dbg.controller.js": 1729026011415,
  "controller/App.controller.js.map": 1729698075387,
  "model/models-dbg.js": 1729025953764,
  "model/models.js.map": 1729698075357,
  "controller/Homepage-dbg.controller.js": 1729691607823,
  "controller/Homepage.controller.js.map": 1729698075698,
  "utils/vfs_fonts-dbg.js": 1729026179500,
  "utils/vfs_fonts.js.map": 1729698075787,
  "Component-dbg.js": 1729025865437,
  "Component.js.map": 1729698075396,
  "i18n/i18n.properties": 1729026011415,
  "Component-preload.js.map": 1729698079463,
  "view/Homepage.view.xml": 1729612046335,
  "view/App.view.xml": 1729026011415,
  "css/style.css": 1729025953764,
  "index.html": 1729025865437
}