{
  "utils/pdfmake.min.js.map": 1729257278901,
  "model/models.js": 1729025953764,
  "utils/pdfmake.min.js": 1729026180088,
  "utils/axios.min.js": 1729026179152,
  "utils/CalcoloPasqua.js": 1729026179152,
  "utils/vfs_fonts.js": 1729026179500,
  "controller/Homepage.controller.js": 1729255097626,
  "controller/App.controller.js": 1729026011415,
  "manifest.json": 1729257275311,
  "Component.js": 1729025865437,
  "utils/axios.min-dbg.js": 1729026179152,
  "utils/axios.min.js.map": 1729257276205,
  "utils/pdfmake.min-dbg.js": 1729026180088,
  "i18n/i18n.properties": 1729026011415,
  "model/models-dbg.js": 1729025953764,
  "model/models.js.map": 1729257275570,
  "utils/CalcoloPasqua-dbg.js": 1729026179152,
  "utils/CalcoloPasqua.js.map": 1729257275592,
  "utils/vfs_fonts-dbg.js": 1729026179500,
  "utils/vfs_fonts.js.map": 1729257275894,
  "controller/Homepage-dbg.controller.js": 1729255097626,
  "controller/Homepage.controller.js.map": 1729257275789,
  "controller/App-dbg.controller.js": 1729026011415,
  "controller/App.controller.js.map": 1729257275573,
  "Component-dbg.js": 1729025865437,
  "Component.js.map": 1729257275579,
  "Component-preload.js": 1729257279994,
  "Component-preload.js.map": 1729257280001,
  "view/Homepage.view.xml": 1729255885934,
  "view/App.view.xml": 1729026011415,
  "css/style.css": 1729025953764,
  "index.html": 1729025865437
}