{
  "utils/axios.min-dbg.js": 1729026179152,
  "utils/vfs_fonts.js": 1729026179500,
  "utils/pdfmake.min.js": 1729026180088,
  "utils/axios.min.js": 1729026179152,
  "utils/CalcoloPasqua.js": 1729026179152,
  "model/models.js": 1729025953764,
  "controller/Homepage.controller.js": 1729180520972,
  "controller/App.controller.js": 1729026011415,
  "manifest.json": 1729180654053,
  "Component.js": 1729025865437,
  "Component-dbg.js": 1729025865437,
  "Component.js.map": 1729180654412,
  "utils/pdfmake.min-dbg.js": 1729026180088,
  "utils/pdfmake.min.js.map": 1729180658333,
  "i18n/i18n.properties": 1729026011415,
  "utils/axios.min.js.map": 1729180655145,
  "utils/CalcoloPasqua-dbg.js": 1729026179152,
  "utils/CalcoloPasqua.js.map": 1729180654428,
  "model/models-dbg.js": 1729025953764,
  "model/models.js.map": 1729180654376,
  "controller/Homepage-dbg.controller.js": 1729180520972,
  "controller/Homepage.controller.js.map": 1729180654640,
  "controller/App-dbg.controller.js": 1729026011415,
  "controller/App.controller.js.map": 1729180654379,
  "utils/vfs_fonts-dbg.js": 1729026179500,
  "utils/vfs_fonts.js.map": 1729180654808,
  "Component-preload.js": 1729180659314,
  "Component-preload.js.map": 1729180659321,
  "view/Homepage.view.xml": 1729178649418,
  "view/App.view.xml": 1729026011415,
  "css/style.css": 1729025953764,
  "index.html": 1729025865437
}